epoch,step,test_cardinality_error_enc_0_epoch,test_cardinality_error_enc_0_step,test_cardinality_error_enc_1_epoch,test_cardinality_error_enc_1_step,test_cardinality_error_enc_2_epoch,test_cardinality_error_enc_2_step,test_cardinality_error_enc_3_epoch,test_cardinality_error_enc_3_step,test_cardinality_error_enc_4_epoch,test_cardinality_error_enc_4_step,test_cardinality_error_enc_epoch,test_cardinality_error_enc_step,test_cardinality_error_epoch,test_cardinality_error_step,test_class_precision_epoch,test_class_precision_step,test_corr_mask_attn_map_dec_0_epoch,test_corr_mask_attn_map_dec_0_step,test_corr_mask_attn_map_dec_1_epoch,test_corr_mask_attn_map_dec_1_step,test_corr_mask_attn_map_dec_2_epoch,test_corr_mask_attn_map_dec_2_step,test_corr_mask_attn_map_dec_all_epoch,test_corr_mask_attn_map_dec_all_step,test_loss_ce_enc_0_epoch,test_loss_ce_enc_0_step,test_loss_ce_enc_1_epoch,test_loss_ce_enc_1_step,test_loss_ce_enc_2_epoch,test_loss_ce_enc_2_step,test_loss_ce_enc_3_epoch,test_loss_ce_enc_3_step,test_loss_ce_enc_4_epoch,test_loss_ce_enc_4_step,test_loss_ce_enc_epoch,test_loss_ce_enc_step,test_loss_ce_epoch,test_loss_ce_step,test_loss_epoch,test_loss_mask_prediction_epoch,test_loss_mask_prediction_step,test_loss_screw_angle_enc_0_epoch,test_loss_screw_angle_enc_0_step,test_loss_screw_angle_enc_1_epoch,test_loss_screw_angle_enc_1_step,test_loss_screw_angle_enc_2_epoch,test_loss_screw_angle_enc_2_step,test_loss_screw_angle_enc_3_epoch,test_loss_screw_angle_enc_3_step,test_loss_screw_angle_enc_4_epoch,test_loss_screw_angle_enc_4_step,test_loss_screw_angle_enc_epoch,test_loss_screw_angle_enc_step,test_loss_screw_angle_epoch,test_loss_screw_angle_step,test_loss_screw_head_enc_0_epoch,test_loss_screw_head_enc_0_step,test_loss_screw_head_enc_1_epoch,test_loss_screw_head_enc_1_step,test_loss_screw_head_enc_2_epoch,test_loss_screw_head_enc_2_step,test_loss_screw_head_enc_3_epoch,test_loss_screw_head_enc_3_step,test_loss_screw_head_enc_4_epoch,test_loss_screw_head_enc_4_step,test_loss_screw_head_enc_epoch,test_loss_screw_head_enc_step,test_loss_screw_head_epoch,test_loss_screw_head_step,test_loss_screw_midpoint_enc_0_epoch,test_loss_screw_midpoint_enc_0_step,test_loss_screw_midpoint_enc_1_epoch,test_loss_screw_midpoint_enc_1_step,test_loss_screw_midpoint_enc_2_epoch,test_loss_screw_midpoint_enc_2_step,test_loss_screw_midpoint_enc_3_epoch,test_loss_screw_midpoint_enc_3_step,test_loss_screw_midpoint_enc_4_epoch,test_loss_screw_midpoint_enc_4_step,test_loss_screw_midpoint_enc_epoch,test_loss_screw_midpoint_enc_step,test_loss_screw_midpoint_epoch,test_loss_screw_midpoint_step,test_loss_screw_tip_enc_0_epoch,test_loss_screw_tip_enc_0_step,test_loss_screw_tip_enc_1_epoch,test_loss_screw_tip_enc_1_step,test_loss_screw_tip_enc_2_epoch,test_loss_screw_tip_enc_2_step,test_loss_screw_tip_enc_3_epoch,test_loss_screw_tip_enc_3_step,test_loss_screw_tip_enc_4_epoch,test_loss_screw_tip_enc_4_step,test_loss_screw_tip_enc_epoch,test_loss_screw_tip_enc_step,test_loss_screw_tip_epoch,test_loss_screw_tip_step,test_loss_step,test_precision_angle_10_epoch,test_precision_angle_10_step,test_precision_angle_1_epoch,test_precision_angle_1_step,test_precision_angle_2_epoch,test_precision_angle_2_step,test_precision_angle_3_epoch,test_precision_angle_3_step,test_precision_angle_4_epoch,test_precision_angle_4_step,test_precision_angle_5_epoch,test_precision_angle_5_step,test_precision_angle_6_epoch,test_precision_angle_6_step,test_precision_angle_7_epoch,test_precision_angle_7_step,test_precision_angle_8_epoch,test_precision_angle_8_step,test_precision_angle_9_epoch,test_precision_angle_9_step,test_precision_head_10_epoch,test_precision_head_10_step,test_precision_head_1_epoch,test_precision_head_1_step,test_precision_head_2_epoch,test_precision_head_2_step,test_precision_head_3_epoch,test_precision_head_3_step,test_precision_head_4_epoch,test_precision_head_4_step,test_precision_head_5_epoch,test_precision_head_5_step,test_precision_head_6_epoch,test_precision_head_6_step,test_precision_head_7_epoch,test_precision_head_7_step,test_precision_head_8_epoch,test_precision_head_8_step,test_precision_head_9_epoch,test_precision_head_9_step,test_precision_midpoint_10_epoch,test_precision_midpoint_10_step,test_precision_midpoint_1_epoch,test_precision_midpoint_1_step,test_precision_midpoint_2_epoch,test_precision_midpoint_2_step,test_precision_midpoint_3_epoch,test_precision_midpoint_3_step,test_precision_midpoint_4_epoch,test_precision_midpoint_4_step,test_precision_midpoint_5_epoch,test_precision_midpoint_5_step,test_precision_midpoint_6_epoch,test_precision_midpoint_6_step,test_precision_midpoint_7_epoch,test_precision_midpoint_7_step,test_precision_midpoint_8_epoch,test_precision_midpoint_8_step,test_precision_midpoint_9_epoch,test_precision_midpoint_9_step,test_precision_tip_10_epoch,test_precision_tip_10_step,test_precision_tip_1_epoch,test_precision_tip_1_step,test_precision_tip_2_epoch,test_precision_tip_2_step,test_precision_tip_3_epoch,test_precision_tip_3_step,test_precision_tip_4_epoch,test_precision_tip_4_step,test_precision_tip_5_epoch,test_precision_tip_5_step,test_precision_tip_6_epoch,test_precision_tip_6_step,test_precision_tip_7_epoch,test_precision_tip_7_step,test_precision_tip_8_epoch,test_precision_tip_8_step,test_precision_tip_9_epoch,test_precision_tip_9_step,test_recall_angle_10_epoch,test_recall_angle_10_step,test_recall_angle_1_epoch,test_recall_angle_1_step,test_recall_angle_2_epoch,test_recall_angle_2_step,test_recall_angle_3_epoch,test_recall_angle_3_step,test_recall_angle_4_epoch,test_recall_angle_4_step,test_recall_angle_5_epoch,test_recall_angle_5_step,test_recall_angle_6_epoch,test_recall_angle_6_step,test_recall_angle_7_epoch,test_recall_angle_7_step,test_recall_angle_8_epoch,test_recall_angle_8_step,test_recall_angle_9_epoch,test_recall_angle_9_step,test_recall_head_10_epoch,test_recall_head_10_step,test_recall_head_1_epoch,test_recall_head_1_step,test_recall_head_2_epoch,test_recall_head_2_step,test_recall_head_3_epoch,test_recall_head_3_step,test_recall_head_4_epoch,test_recall_head_4_step,test_recall_head_5_epoch,test_recall_head_5_step,test_recall_head_6_epoch,test_recall_head_6_step,test_recall_head_7_epoch,test_recall_head_7_step,test_recall_head_8_epoch,test_recall_head_8_step,test_recall_head_9_epoch,test_recall_head_9_step,test_recall_midpoint_10_epoch,test_recall_midpoint_10_step,test_recall_midpoint_1_epoch,test_recall_midpoint_1_step,test_recall_midpoint_2_epoch,test_recall_midpoint_2_step,test_recall_midpoint_3_epoch,test_recall_midpoint_3_step,test_recall_midpoint_4_epoch,test_recall_midpoint_4_step,test_recall_midpoint_5_epoch,test_recall_midpoint_5_step,test_recall_midpoint_6_epoch,test_recall_midpoint_6_step,test_recall_midpoint_7_epoch,test_recall_midpoint_7_step,test_recall_midpoint_8_epoch,test_recall_midpoint_8_step,test_recall_midpoint_9_epoch,test_recall_midpoint_9_step,test_recall_tip_10_epoch,test_recall_tip_10_step,test_recall_tip_1_epoch,test_recall_tip_1_step,test_recall_tip_2_epoch,test_recall_tip_2_step,test_recall_tip_3_epoch,test_recall_tip_3_step,test_recall_tip_4_epoch,test_recall_tip_4_step,test_recall_tip_5_epoch,test_recall_tip_5_step,test_recall_tip_6_epoch,test_recall_tip_6_step,test_recall_tip_7_epoch,test_recall_tip_7_step,test_recall_tip_8_epoch,test_recall_tip_8_step,test_recall_tip_9_epoch,test_recall_tip_9_step
,0,,1.0,,1.0,,2.0,,2.0,,2.0,,2.0,,0.0,,0.0,,0.04561704397201538,,0.6050424575805664,,0.9971043467521667,,0.5298765897750854,,0.42698967456817627,,0.33823829889297485,,0.3902410864830017,,0.751125693321228,,0.46168631315231323,,0.26328983902931213,,0.07380615174770355,,,0.2082718014717102,,71.16313171386719,,124.66707611083984,,133.50949096679688,,127.55108642578125,,100.37744903564453,,100.57535552978516,,116.40583801269531,,236.21807861328125,,370.44207763671875,,370.74505615234375,,371.8718566894531,,424.10260009765625,,428.58392333984375,,375.4913635253906,,338.8729248046875,,360.250244140625,,336.0538635253906,,316.8382263183594,,356.65966796875,,362.22900390625,,316.32818603515625,,441.5278015136719,,438.04931640625,,450.62738037109375,,443.2945556640625,,382.94610595703125,,392.703125,,414.9971008300781,71.53839111328125,,0.0,,0.0,,0.0,,0.0,,0.0,,0.0,,0.0,,0.0,,0.0,,0.0,,0.0,,0.0,,0.0,,0.0,,0.0,,0.0,,0.0,,0.0,,0.0,,0.0,,0.0,,0.0,,0.0,,0.0,,0.0,,0.0,,0.0,,0.0,,0.0,,0.0,,0.0,,0.0,,0.0,,0.0,,0.0,,0.0,,0.0,,0.0,,0.0,,0.0,,0.0,,0.0,,0.0,,0.0,,0.0,,0.0,,0.0,,0.0,,0.0,,0.0,,0.0,,0.0,,0.0,,0.0,,0.0,,0.0,,0.0,,0.0,,0.0,,0.0,,0.0,,0.0,,0.0,,0.0,,0.0,,0.0,,0.0,,0.0,,0.0,,0.0,,0.0,,0.0,,0.0,,0.0,,0.0,,0.0,,0.0,,0.0,,0.0,,0.0
,1,,2.0,,2.0,,2.0,,2.0,,1.0,,1.0,,1.0,,0.0,,0.05256419628858566,,0.6032986044883728,,0.9985580444335938,,0.5294359922409058,,2.1494579315185547,,1.2378696203231812,,0.5820479393005371,,0.8760008215904236,,0.7103383541107178,,0.7462950348854065,,0.7594205141067505,,,0.20000062882900238,,76.4114761352539,,75.86444854736328,,75.92933654785156,,98.21817779541016,,83.17994689941406,,88.32167053222656,,99.36058044433594,,292.09576416015625,,311.0828552246094,,312.6166687011719,,316.129150390625,,337.98443603515625,,318.0743408203125,,434.25311279296875,,161.1112518310547,,436.7255859375,,435.78704833984375,,433.1441650390625,,448.8476257324219,,439.7195129394531,,435.906005859375,,308.93438720703125,,562.3682861328125,,558.9573974609375,,550.1591186523438,,559.7108154296875,,561.3646240234375,,437.55889892578125,96.91130065917969,,0.0,,0.0,,0.0,,0.0,,0.0,,0.0,,0.0,,0.0,,0.0,,0.0,,0.0,,0.0,,0.0,,0.0,,0.0,,0.0,,0.0,,0.0,,0.0,,0.0,,0.0,,0.0,,0.0,,0.0,,0.0,,0.0,,0.0,,0.0,,0.0,,0.0,,0.0,,0.0,,0.0,,0.0,,0.0,,0.0,,0.0,,0.0,,0.0,,0.0,,0.0,,0.0,,0.0,,0.0,,0.0,,0.0,,0.0,,0.0,,0.0,,0.0,,0.0,,0.0,,0.0,,0.0,,0.0,,0.0,,0.0,,0.0,,0.0,,0.0,,0.0,,0.0,,0.0,,0.0,,0.0,,0.0,,0.0,,0.0,,0.0,,0.0,,0.0,,0.0,,0.0,,0.0,,0.0,,0.0,,0.0,,0.0,,0.0,,0.0
,2,,2.0,,2.0,,2.0,,2.0,,2.0,,2.0,,0.0,,0.0,,0.06461910158395767,,0.6204451322555542,,0.9986838102340698,,0.5853119492530823,,1.2370424270629883,,1.4815335273742676,,2.138306140899658,,2.023954153060913,,2.0085177421569824,,1.56498384475708,,0.39253273606300354,,,0.1872594803571701,,18.531356811523438,,52.05601119995117,,54.647335052490234,,134.20053100585938,,91.1009292602539,,89.52943420410156,,107.32186126708984,,270.55120849609375,,273.84222412109375,,271.7878723144531,,304.00128173828125,,312.26251220703125,,306.01312255859375,,368.2736511230469,,307.23931884765625,,309.83538818359375,,316.03643798828125,,369.4622497558594,,392.54254150390625,,436.87884521484375,,334.95281982421875,,371.8800048828125,,384.1190185546875,,400.30560302734375,,434.92315673828125,,472.82257080078125,,567.7445068359375,,384.13055419921875,108.11514282226562,,0.0,,0.0,,0.0,,0.0,,0.0,,0.0,,0.0,,0.0,,0.0,,0.0,,0.0,,0.0,,0.0,,0.0,,0.0,,0.0,,0.0,,0.0,,0.0,,0.0,,0.0,,0.0,,0.0,,0.0,,0.0,,0.0,,0.0,,0.0,,0.0,,0.0,,0.0,,0.0,,0.0,,0.0,,0.0,,0.0,,0.0,,0.0,,0.0,,0.0,,0.0,,0.0,,0.0,,0.0,,0.0,,0.0,,0.0,,0.0,,0.0,,0.0,,0.0,,0.0,,0.0,,0.0,,0.0,,0.0,,0.0,,0.0,,0.0,,0.0,,0.0,,0.0,,0.0,,0.0,,0.0,,0.0,,0.0,,0.0,,0.0,,0.0,,0.0,,0.0,,0.0,,0.0,,0.0,,0.0,,0.0,,0.0,,0.0,,0.0
,3,,1.0,,1.0,,1.0,,0.0,,0.0,,0.0,,0.0,,0.0,,0.058956678956747055,,0.6026151180267334,,0.9907192587852478,,0.5247623324394226,,0.5166349411010742,,0.7414170503616333,,0.3687906861305237,,0.11008962988853455,,0.07079079747200012,,0.0653400644659996,,0.1428355872631073,,,0.19366960227489471,,79.90200805664062,,104.69882202148438,,95.01001739501953,,115.0277328491211,,128.35366821289062,,127.61559295654297,,161.51412963867188,,309.93157958984375,,154.66018676757812,,255.8067169189453,,342.8270263671875,,346.255615234375,,344.97149658203125,,257.81634521484375,,403.83349609375,,258.9800109863281,,295.2259521484375,,421.53619384765625,,423.6224060058594,,420.89697265625,,360.3427429199219,,497.7353820800781,,380.349609375,,432.16009521484375,,500.2453308105469,,500.9891052246094,,496.822509765625,,462.8691711425781,65.69200134277344,,0.0,,0.0,,0.0,,0.0,,0.0,,0.0,,0.0,,0.0,,0.0,,0.0,,0.0,,0.0,,0.0,,0.0,,0.0,,0.0,,0.0,,0.0,,0.0,,0.0,,0.0,,0.0,,0.0,,0.0,,0.0,,0.0,,0.0,,0.0,,0.0,,0.0,,0.0,,0.0,,0.0,,0.0,,0.0,,0.0,,0.0,,0.0,,0.0,,0.0,,0.0,,0.0,,0.0,,0.0,,0.0,,0.0,,0.0,,0.0,,0.0,,0.0,,0.0,,0.0,,0.0,,0.0,,0.0,,0.0,,0.0,,0.0,,0.0,,0.0,,0.0,,0.0,,0.0,,0.0,,0.0,,0.0,,0.0,,0.0,,0.0,,0.0,,0.0,,0.0,,0.0,,0.0,,0.0,,0.0,,0.0,,0.0,,0.0,,0.0
,4,,2.0,,2.0,,2.0,,2.0,,1.0,,0.0,,1.0,,0.0,,0.05132174491882324,,0.677870512008667,,0.9980238676071167,,0.5385552644729614,,0.7005941271781921,,0.8058152198791504,,0.24834731221199036,,0.24302294850349426,,0.17813627421855927,,0.1674838662147522,,0.13115885853767395,,,0.20749975740909576,,151.26559448242188,,61.90502166748047,,84.28166198730469,,88.98475646972656,,94.82398223876953,,94.85906982421875,,104.58145141601562,,312.16070556640625,,229.5772705078125,,143.38882446289062,,142.5686798095703,,147.10519409179688,,144.76858520507812,,144.31494140625,,349.6822204589844,,346.6029052734375,,312.26556396484375,,316.02215576171875,,319.39642333984375,,316.63946533203125,,326.2196044921875,,387.2037353515625,,463.6285400390625,,481.14239501953125,,489.4755859375,,496.0577392578125,,489.0023193359375,,508.6717529296875,60.65778350830078,,0.0,,0.0,,0.0,,0.0,,0.0,,0.0,,0.0,,0.0,,0.0,,0.0,,0.0,,0.0,,0.0,,0.0,,0.0,,0.0,,0.0,,0.0,,0.0,,0.0,,0.0,,0.0,,0.0,,0.0,,0.0,,0.0,,0.0,,0.0,,0.0,,0.0,,0.0,,0.0,,0.0,,0.0,,0.0,,0.0,,0.0,,0.0,,0.0,,0.0,,0.0,,0.0,,0.0,,0.0,,0.0,,0.0,,0.0,,0.0,,0.0,,0.0,,0.0,,0.0,,0.0,,0.0,,0.0,,0.0,,0.0,,0.0,,0.0,,0.0,,0.0,,0.0,,0.0,,0.0,,0.0,,0.0,,0.0,,0.0,,0.0,,0.0,,0.0,,0.0,,0.0,,0.0,,0.0,,0.0,,0.0,,0.0,,0.0,,0.0
,5,,2.0,,2.0,,2.0,,2.0,,2.0,,0.0,,0.0,,0.0,,0.013853080570697784,,0.6261014342308044,,0.9929981231689453,,0.5075546503067017,,1.1050684452056885,,1.0035905838012695,,0.8704631328582764,,0.4667492210865021,,0.5860123038291931,,0.5612813830375671,,0.09022818505764008,,,0.21402068436145782,,117.93736267089844,,118.93890380859375,,97.69302368164062,,115.63225555419922,,97.09574127197266,,95.1228256225586,,147.64706420898438,,274.58349609375,,228.81948852539062,,114.76578521728516,,228.9949951171875,,111.97897338867188,,115.9917221069336,,236.58877563476562,,266.0740966796875,,320.95452880859375,,204.2618865966797,,267.41107177734375,,199.0536651611328,,194.73170471191406,,333.14349365234375,,349.02490234375,,430.9281005859375,,370.43426513671875,,376.9858703613281,,353.45501708984375,,342.9896240234375,,454.5238037109375,65.31726837158203,,0.0,,0.0,,0.0,,0.0,,0.0,,0.0,,0.0,,0.0,,0.0,,0.0,,0.0,,0.0,,0.0,,0.0,,0.0,,0.0,,0.0,,0.0,,0.0,,0.0,,0.0,,0.0,,0.0,,0.0,,0.0,,0.0,,0.0,,0.0,,0.0,,0.0,,0.0,,0.0,,0.0,,0.0,,0.0,,0.0,,0.0,,0.0,,0.0,,0.0,,0.0,,0.0,,0.0,,0.0,,0.0,,0.0,,0.0,,0.0,,0.0,,0.0,,0.0,,0.0,,0.0,,0.0,,0.0,,0.0,,0.0,,0.0,,0.0,,0.0,,0.0,,0.0,,0.0,,0.0,,0.0,,0.0,,0.0,,0.0,,0.0,,0.0,,0.0,,0.0,,0.0,,0.0,,0.0,,0.0,,0.0,,0.0,,0.0,,0.0
,6,,2.0,,2.0,,1.0,,1.0,,1.0,,1.0,,1.0,,0.0,,0.010444163344800472,,0.6356896162033081,,0.9975467920303345,,0.5139980316162109,,0.822250485420227,,0.9476721286773682,,0.4066102206707001,,0.2073279172182083,,0.3196302354335785,,0.2825257480144501,,0.503929853439331,,,0.19850903749465942,,140.8942108154297,,91.59929656982422,,91.08771514892578,,95.98186492919922,,92.62027740478516,,92.60556030273438,,156.11181640625,,195.0442352294922,,92.93863677978516,,90.98163604736328,,91.98089599609375,,94.64776611328125,,91.66483306884766,,195.58837890625,,207.1370086669922,,163.54200744628906,,176.64735412597656,,175.60580444335938,,174.80267333984375,,173.14212036132812,,230.06228637695312,,364.89288330078125,,312.29412841796875,,342.532470703125,,331.4224853515625,,326.5740051269531,,325.65716552734375,,368.1598205566406,51.192970275878906,,0.0,,0.0,,0.0,,0.0,,0.0,,0.0,,0.0,,0.0,,0.0,,0.0,,0.0,,0.0,,0.0,,0.0,,0.0,,0.0,,0.0,,0.0,,0.0,,0.0,,0.0,,0.0,,0.0,,0.0,,0.0,,0.0,,0.0,,0.0,,0.0,,0.0,,0.0,,0.0,,0.0,,0.0,,0.0,,0.0,,0.0,,0.0,,0.0,,0.0,,0.0,,0.0,,0.0,,0.0,,0.0,,0.0,,0.0,,0.0,,0.0,,0.0,,0.0,,0.0,,0.0,,0.0,,0.0,,0.0,,0.0,,0.0,,0.0,,0.0,,0.0,,0.0,,0.0,,0.0,,0.0,,0.0,,0.0,,0.0,,0.0,,0.0,,0.0,,0.0,,0.0,,0.0,,0.0,,0.0,,0.0,,0.0,,0.0,,0.0
,7,,2.0,,2.0,,2.0,,1.0,,1.0,,1.0,,1.0,,0.0,,0.010336851701140404,,0.6297010183334351,,0.9950677752494812,,0.5168728232383728,,0.5713915228843689,,1.0494695901870728,,0.7367883324623108,,1.07763671875,,0.687171995639801,,0.6504145264625549,,0.4478651285171509,,,0.19511772692203522,,98.73223876953125,,110.19607543945312,,121.40692138671875,,91.73335266113281,,85.22206115722656,,91.9808349609375,,118.81045532226562,,126.81455993652344,,140.0092315673828,,154.69131469726562,,188.9805908203125,,183.6575469970703,,188.28274536132812,,137.05718994140625,,232.48223876953125,,245.96038818359375,,237.57765197753906,,248.85098266601562,,245.95040893554688,,255.3723602294922,,230.45057678222656,,416.97467041015625,,459.29168701171875,,436.0516662597656,,379.8607482910156,,377.43463134765625,,391.76153564453125,,419.65679931640625,68.00070190429688,,0.0,,0.0,,0.0,,0.0,,0.0,,0.0,,0.0,,0.0,,0.0,,0.0,,0.5,,0.0,,0.0,,0.0,,0.0,,0.0,,0.0,,0.5,,0.5,,0.5,,0.0,,0.0,,0.0,,0.0,,0.0,,0.0,,0.0,,0.0,,0.0,,0.0,,0.0,,0.0,,0.0,,0.0,,0.0,,0.0,,0.0,,0.0,,0.0,,0.0,,0.0,,0.0,,0.0,,0.0,,0.0,,0.0,,0.0,,0.0,,0.0,,0.0,,1.0,,0.0,,0.0,,0.0,,0.0,,0.0,,0.0,,1.0,,1.0,,1.0,,0.0,,0.0,,0.0,,0.0,,0.0,,0.0,,0.0,,0.0,,0.0,,0.0,,0.0,,0.0,,0.0,,0.0,,0.0,,0.0,,0.0,,0.0,,0.0,,0.0
,8,,2.0,,2.0,,2.0,,2.0,,2.0,,2.0,,1.0,,0.0,,0.009617580100893974,,0.7029010653495789,,0.9924971461296082,,0.5143496990203857,,1.4330683946609497,,1.280897855758667,,1.231864333152771,,0.7655806541442871,,0.502382755279541,,0.3872237503528595,,0.5072556138038635,,,0.19595879316329956,,98.18949127197266,,102.93437194824219,,38.08497619628906,,104.13610076904297,,35.68850326538086,,37.382469177246094,,34.9041748046875,,136.3358154296875,,176.03921508789062,,269.36468505859375,,97.60079193115234,,271.4432067871094,,271.4433288574219,,272.19647216796875,,208.93594360351562,,211.11087036132812,,182.24298095703125,,147.63385009765625,,180.4014434814453,,178.5738067626953,,210.1298370361328,,402.83599853515625,,403.716552734375,,208.27145385742188,,343.13494873046875,,195.63198852539062,,189.69393920898438,,233.75164794921875,66.77095794677734,,0.0,,0.0,,0.0,,0.0,,0.0,,0.0,,0.0,,0.0,,0.0,,0.0,,0.0,,0.0,,0.0,,0.0,,0.0,,0.0,,0.0,,0.0,,0.0,,0.0,,0.0,,0.0,,0.0,,0.0,,0.0,,0.0,,0.0,,0.0,,0.0,,0.0,,0.0,,0.0,,0.0,,0.0,,0.0,,0.0,,0.0,,0.0,,0.0,,0.0,,0.0,,0.0,,0.0,,0.0,,0.0,,0.0,,0.0,,0.0,,0.0,,0.0,,0.0,,0.0,,0.0,,0.0,,0.0,,0.0,,0.0,,0.0,,0.0,,0.0,,0.0,,0.0,,0.0,,0.0,,0.0,,0.0,,0.0,,0.0,,0.0,,0.0,,0.0,,0.0,,0.0,,0.0,,0.0,,0.0,,0.0,,0.0,,0.0,,0.0
,9,,2.0,,2.0,,1.0,,0.0,,1.0,,0.0,,1.0,,0.0,,0.01121678575873375,,0.6629299521446228,,0.9944334626197815,,0.503416895866394,,0.8079278469085693,,0.6308687925338745,,0.6983792781829834,,0.17001983523368835,,0.21460536122322083,,0.18468943238258362,,0.17461584508419037,,,0.21090246737003326,,38.388851165771484,,38.509727478027344,,101.52362060546875,,110.42616271972656,,111.70014953613281,,111.40721130371094,,109.18931579589844,,170.9385528564453,,180.74124145507812,,93.56283569335938,,250.47189331054688,,250.64064025878906,,247.3802032470703,,190.73104858398438,,149.69735717773438,,148.39419555664062,,157.89614868164062,,299.44854736328125,,299.5339050292969,,293.5889892578125,,317.20367431640625,,250.8316192626953,,250.6835174560547,,409.3551025390625,,479.84130859375,,476.95263671875,,462.5051574707031,,517.2613525390625,58.601173400878906,,0.0,,0.0,,0.0,,0.0,,0.0,,0.0,,0.0,,0.0,,0.0,,0.0,,0.0,,0.0,,0.0,,0.0,,0.0,,0.0,,0.0,,0.0,,0.0,,0.0,,0.0,,0.0,,0.0,,0.0,,0.0,,0.0,,0.0,,0.0,,0.0,,0.0,,0.0,,0.0,,0.0,,0.0,,0.0,,0.0,,0.0,,0.0,,0.0,,0.0,,0.0,,0.0,,0.0,,0.0,,0.0,,0.0,,0.0,,0.0,,0.0,,0.0,,0.0,,0.0,,0.0,,0.0,,0.0,,0.0,,0.0,,0.0,,0.0,,0.0,,0.0,,0.0,,0.0,,0.0,,0.0,,0.0,,0.0,,0.0,,0.0,,0.0,,0.0,,0.0,,0.0,,0.0,,0.0,,0.0,,0.0,,0.0,,0.0,,0.0
,10,,2.0,,1.0,,1.0,,0.0,,0.0,,0.0,,1.0,,0.0,,0.01628061570227146,,0.5950450301170349,,0.99479740858078,,0.5076314210891724,,0.3564949333667755,,0.5316440463066101,,0.15722084045410156,,0.04839947447180748,,0.04726406931877136,,0.04464519023895264,,0.162883922457695,,,0.2045852094888687,,105.81990051269531,,106.11934661865234,,110.62360382080078,,108.96473693847656,,107.43611145019531,,109.09945678710938,,111.18618774414062,,198.92889404296875,,196.41583251953125,,120.0387954711914,,199.98553466796875,,196.086669921875,,194.14773559570312,,116.1175537109375,,216.1564178466797,,193.48016357421875,,240.85848999023438,,195.35107421875,,199.86842346191406,,196.9186248779297,,225.30174255371094,,428.29949951171875,,385.2628173828125,,487.548828125,,383.8860778808594,,388.9620361328125,,381.51568603515625,,450.7102966308594,49.694339752197266,,0.0,,0.0,,0.0,,0.0,,0.0,,0.0,,0.0,,0.0,,0.0,,0.0,,0.0,,0.0,,0.0,,0.0,,0.0,,0.0,,0.0,,0.0,,0.0,,0.0,,0.0,,0.0,,0.0,,0.0,,0.0,,0.0,,0.0,,0.0,,0.0,,0.0,,0.0,,0.0,,0.0,,0.0,,0.0,,0.0,,0.0,,0.0,,0.0,,0.0,,0.0,,0.0,,0.0,,0.0,,0.0,,0.0,,0.0,,0.0,,0.0,,0.0,,0.0,,0.0,,0.0,,0.0,,0.0,,0.0,,0.0,,0.0,,0.0,,0.0,,0.0,,0.0,,0.0,,0.0,,0.0,,0.0,,0.0,,0.0,,0.0,,0.0,,0.0,,0.0,,0.0,,0.0,,0.0,,0.0,,0.0,,0.0,,0.0,,0.0
,11,,2.0,,2.0,,2.0,,2.0,,2.0,,2.0,,1.0,,0.0,,0.015858540311455727,,0.5684372186660767,,0.9951052665710449,,0.5124750733375549,,0.7535203695297241,,1.4054896831512451,,0.869440495967865,,0.8753300309181213,,0.8584721684455872,,0.6188069581985474,,1.2510827779769897,,,0.1999213546514511,,107.44034576416016,,115.10224914550781,,114.09014892578125,,114.61824035644531,,114.43817138671875,,114.04137420654297,,116.22309112548828,,107.42694091796875,,106.00849151611328,,109.8518295288086,,108.61619567871094,,108.77167510986328,,103.9364242553711,,155.19076538085938,,134.42431640625,,214.70675659179688,,212.5496826171875,,205.28721618652344,,216.780517578125,,214.17776489257812,,66.4215316772461,,376.27557373046875,,450.30133056640625,,431.7974853515625,,429.27801513671875,,450.3041076660156,,441.38970947265625,,197.76483154296875,70.39411926269531,,0.0,,0.0,,0.0,,0.0,,0.0,,0.0,,0.0,,0.0,,0.0,,0.0,,0.0,,0.0,,0.0,,0.0,,0.0,,0.0,,0.0,,0.0,,0.0,,0.0,,0.0,,0.0,,0.0,,0.0,,0.0,,0.0,,0.0,,0.0,,0.0,,0.0,,0.0,,0.0,,0.0,,0.0,,0.0,,0.0,,0.0,,0.0,,0.0,,0.0,,0.0,,0.0,,0.0,,0.0,,0.0,,0.0,,0.0,,0.0,,0.0,,0.0,,0.0,,0.0,,0.0,,0.0,,0.0,,0.0,,0.0,,0.0,,0.0,,0.0,,0.0,,0.0,,0.0,,0.0,,0.0,,0.0,,0.0,,0.0,,0.0,,0.0,,0.0,,0.0,,0.0,,0.0,,0.0,,0.0,,0.0,,0.0,,0.0,,0.0
,12,,2.0,,2.0,,1.0,,1.0,,1.0,,1.0,,1.0,,0.0,,0.019934173673391342,,0.5513028502464294,,0.9999375343322754,,0.504902720451355,,0.9771019816398621,,1.3748241662979126,,1.1323477029800415,,0.8160215616226196,,0.7739601731300354,,1.0117785930633545,,1.1688998937606812,,,0.2157275378704071,,117.63385772705078,,112.17152404785156,,107.59259796142578,,97.0384521484375,,105.08258819580078,,107.71827697753906,,38.800628662109375,,76.82971954345703,,75.73306274414062,,70.52430725097656,,164.2537384033203,,173.0785369873047,,73.95691680908203,,194.18174743652344,,187.13308715820312,,204.68045043945312,,198.86582946777344,,270.5028076171875,,271.5924377441406,,197.07952880859375,,180.9783935546875,,414.04913330078125,,452.31097412109375,,418.6007080078125,,445.9849853515625,,445.1391906738281,,423.03253173828125,,273.54669189453125,75.0134506225586,,0.0,,0.0,,0.0,,0.0,,0.0,,0.0,,0.0,,0.0,,0.0,,0.0,,0.0,,0.0,,0.0,,0.0,,0.0,,0.0,,0.0,,0.0,,0.0,,0.0,,0.0,,0.0,,0.0,,0.0,,0.0,,0.0,,0.0,,0.0,,0.0,,0.0,,0.0,,0.0,,0.0,,0.0,,0.0,,0.0,,0.0,,0.0,,0.0,,0.0,,0.0,,0.0,,0.0,,0.0,,0.0,,0.0,,0.0,,0.0,,0.0,,0.0,,0.0,,0.0,,0.0,,0.0,,0.0,,0.0,,0.0,,0.0,,0.0,,0.0,,0.0,,0.0,,0.0,,0.0,,0.0,,0.0,,0.0,,0.0,,0.0,,0.0,,0.0,,0.0,,0.0,,0.0,,0.0,,0.0,,0.0,,0.0,,0.0,,0.0
,13,,2.0,,1.0,,1.0,,1.0,,1.0,,1.0,,1.0,,0.0,,0.02972393110394478,,0.594145655632019,,1.0,,0.5116515755653381,,0.9660540223121643,,1.2661657333374023,,1.217445969581604,,1.2090325355529785,,1.154647707939148,,1.309950351715088,,1.0992368459701538,,,0.21350452303886414,,98.56624603271484,,42.706417083740234,,35.74555587768555,,48.79862976074219,,36.27297592163086,,36.82072830200195,,114.82217407226562,,202.67626953125,,138.03636169433594,,170.9603729248047,,150.73934936523438,,181.18289184570312,,182.96702575683594,,139.1967315673828,,208.055908203125,,263.19464111328125,,257.32196044921875,,259.381103515625,,265.43145751953125,,269.18280029296875,,321.07965087890625,,374.47735595703125,,417.106201171875,,344.18206787109375,,399.549072265625,,353.29345703125,,355.3985595703125,,537.9296875,82.64678192138672,,0.0,,0.0,,0.0,,0.0,,0.0,,0.0,,0.0,,0.0,,0.0,,0.0,,0.0,,0.0,,0.0,,0.0,,0.0,,0.0,,0.0,,0.0,,0.0,,0.0,,0.0,,0.0,,0.0,,0.0,,0.0,,0.0,,0.0,,0.0,,0.0,,0.0,,0.0,,0.0,,0.0,,0.0,,0.0,,0.0,,0.0,,0.0,,0.0,,0.0,,0.0,,0.0,,0.0,,0.0,,0.0,,0.0,,0.0,,0.0,,0.0,,0.0,,0.0,,0.0,,0.0,,0.0,,0.0,,0.0,,0.0,,0.0,,0.0,,0.0,,0.0,,0.0,,0.0,,0.0,,0.0,,0.0,,0.0,,0.0,,0.0,,0.0,,0.0,,0.0,,0.0,,0.0,,0.0,,0.0,,0.0,,0.0,,0.0,,0.0
,14,,2.0,,2.0,,2.0,,2.0,,2.0,,2.0,,2.0,,0.0,,0.006608331575989723,,0.4568380117416382,,0.9999918341636658,,0.533786416053772,,3.8697032928466797,,3.985733985900879,,4.352227210998535,,4.479872703552246,,4.629514694213867,,4.799074649810791,,2.5228002071380615,,,0.20611681044101715,,56.999298095703125,,97.60265350341797,,116.38616943359375,,102.98155212402344,,25.768165588378906,,97.23062133789062,,98.41415405273438,,197.19229125976562,,105.93724822998047,,193.68109130859375,,197.81883239746094,,76.13790893554688,,91.17610168457031,,158.93231201171875,,103.33396911621094,,101.98027038574219,,122.45821380615234,,113.1976547241211,,124.6759262084961,,129.960205078125,,161.4111785888672,,93.501953125,,274.17999267578125,,195.61099243164062,,183.7174072265625,,192.17999267578125,,314.917724609375,,332.95843505859375,170.33721923828125,,0.0,,0.0,,0.0,,0.0,,0.0,,0.0,,0.0,,0.0,,0.0,,0.0,,0.0,,0.0,,0.0,,0.0,,0.0,,0.0,,0.0,,0.0,,0.0,,0.0,,0.0,,0.0,,0.0,,0.0,,0.0,,0.0,,0.0,,0.0,,0.0,,0.0,,0.0,,0.0,,0.0,,0.0,,0.0,,0.0,,0.0,,0.0,,0.0,,0.0,,0.0,,0.0,,0.0,,0.0,,0.0,,0.0,,0.0,,0.0,,0.0,,0.0,,0.0,,0.0,,0.0,,0.0,,0.0,,0.0,,0.0,,0.0,,0.0,,0.0,,0.0,,0.0,,0.0,,0.0,,0.0,,0.0,,0.0,,0.0,,0.0,,0.0,,0.0,,0.0,,0.0,,0.0,,0.0,,0.0,,0.0,,0.0,,0.0,,0.0
,15,,2.0,,2.0,,2.0,,2.0,,2.0,,2.0,,2.0,,0.0,,0.006186176557093859,,0.37923336029052734,,1.0,,0.5095215439796448,,3.3571650981903076,,3.9682705402374268,,4.345998287200928,,4.8404541015625,,4.511359691619873,,4.72014856338501,,3.128931760787964,,,0.20598970353603363,,74.0634536743164,,107.88597869873047,,48.333168029785156,,35.561031341552734,,33.159385681152344,,106.55252838134766,,116.83150482177734,,181.52391052246094,,170.85792541503906,,196.72866821289062,,211.4127655029297,,216.0421142578125,,205.15985107421875,,218.26046752929688,,120.42833709716797,,43.759742736816406,,133.96478271484375,,131.8625030517578,,246.37908935546875,,224.4430694580078,,242.792236328125,,160.35215759277344,,169.69869995117188,,192.57000732421875,,177.08355712890625,,276.716064453125,,291.8636474609375,,272.01568603515625,175.11410522460938,,0.0,,0.0,,0.0,,0.0,,0.0,,0.0,,0.0,,0.0,,0.0,,0.0,,0.0,,0.0,,0.0,,0.0,,0.0,,0.0,,0.0,,0.0,,0.0,,0.0,,0.0,,0.0,,0.0,,0.0,,0.0,,0.0,,0.0,,0.0,,0.0,,0.0,,0.0,,0.0,,0.0,,0.0,,0.0,,0.0,,0.0,,0.0,,0.0,,0.0,,0.0,,0.0,,0.0,,0.0,,0.0,,0.0,,0.0,,0.0,,0.0,,0.0,,0.0,,0.0,,0.0,,0.0,,0.0,,0.0,,0.0,,0.0,,0.0,,0.0,,0.0,,0.0,,0.0,,0.0,,0.0,,0.0,,0.0,,0.0,,0.0,,0.0,,0.0,,0.0,,0.0,,0.0,,0.0,,0.0,,0.0,,0.0,,0.0,,0.0
,16,,2.0,,2.0,,2.0,,2.0,,2.0,,2.0,,2.0,,0.0,,0.004901432897895575,,0.44794049859046936,,0.9997466802597046,,0.5335021615028381,,2.8794937133789062,,4.011497497558594,,3.7334933280944824,,3.7249035835266113,,3.9928789138793945,,4.981382369995117,,3.0049080848693848,,,0.18814221024513245,,62.96546173095703,,53.02593994140625,,66.57548522949219,,69.55592346191406,,68.41828918457031,,25.363140106201172,,101.38409423828125,,347.7621154785156,,212.08627319335938,,295.36968994140625,,315.381591796875,,325.0561218261719,,165.29379272460938,,165.77288818359375,,294.4224853515625,,220.22743225097656,,248.70416259765625,,246.08168029785156,,249.8619842529297,,129.86331176757812,,154.5213623046875,,334.41851806640625,,300.44708251953125,,221.13404846191406,,199.43185424804688,,201.76971435546875,,94.43283081054688,,342.4395751953125,168.58258056640625,,0.0,,0.0,,0.0,,0.0,,0.0,,0.0,,0.0,,0.0,,0.0,,0.0,,0.0,,0.0,,0.0,,0.0,,0.0,,0.0,,0.0,,0.0,,0.0,,0.0,,0.0,,0.0,,0.0,,0.0,,0.0,,0.0,,0.0,,0.0,,0.0,,0.0,,0.0,,0.0,,0.0,,0.0,,0.0,,0.0,,0.0,,0.0,,0.0,,0.0,,0.0,,0.0,,0.0,,0.0,,0.0,,0.0,,0.0,,0.0,,0.0,,0.0,,0.0,,0.0,,0.0,,0.0,,0.0,,0.0,,0.0,,0.0,,0.0,,0.0,,0.0,,0.0,,0.0,,0.0,,0.0,,0.0,,0.0,,0.0,,0.0,,0.0,,0.0,,0.0,,0.0,,0.0,,0.0,,0.0,,0.0,,0.0,,0.0,,0.0
,17,,2.0,,2.0,,2.0,,2.0,,2.0,,2.0,,2.0,,0.0,,0.013904748484492302,,0.4207061529159546,,1.0,,0.5275992155075073,,2.9640188217163086,,4.451596260070801,,4.864393711090088,,4.821903228759766,,4.855136871337891,,5.320825576782227,,2.66599440574646,,,0.18180520832538605,,82.0272445678711,,46.98004913330078,,46.81643295288086,,44.927738189697266,,46.18971633911133,,88.15983581542969,,115.59943389892578,,280.2522888183594,,117.7688980102539,,115.69445037841797,,115.2308349609375,,109.67485809326172,,189.99856567382812,,191.6611328125,,208.00717163085938,,134.98599243164062,,125.58383178710938,,119.37017822265625,,136.64369201660156,,52.39019775390625,,105.96432495117188,,308.36328125,,229.67587280273438,,221.17274475097656,,219.3459014892578,,236.2062225341797,,181.4544677734375,,265.2489013671875,178.6016082763672,,0.0,,0.0,,0.0,,0.0,,0.0,,0.0,,0.0,,0.0,,0.0,,0.0,,0.0,,0.0,,0.0,,0.0,,0.0,,0.0,,0.0,,0.0,,0.0,,0.0,,0.0,,0.0,,0.0,,0.0,,0.0,,0.0,,0.0,,0.0,,0.0,,0.0,,0.0,,0.0,,0.0,,0.0,,0.0,,0.0,,0.0,,0.0,,0.0,,0.0,,0.0,,0.0,,0.0,,0.0,,0.0,,0.0,,0.0,,0.0,,0.0,,0.0,,0.0,,0.0,,0.0,,0.0,,0.0,,0.0,,0.0,,0.0,,0.0,,0.0,,0.0,,0.0,,0.0,,0.0,,0.0,,0.0,,0.0,,0.0,,0.0,,0.0,,0.0,,0.0,,0.0,,0.0,,0.0,,0.0,,0.0,,0.0,,0.0,,0.0
,18,,2.0,,2.0,,2.0,,2.0,,2.0,,2.0,,2.0,,0.0,,0.01406892854720354,,0.4161733090877533,,1.0,,0.5275639295578003,,3.5352530479431152,,4.7236833572387695,,5.178317546844482,,5.2648725509643555,,5.609028339385986,,6.284464359283447,,6.979183197021484,,,0.18827380239963531,,73.67149353027344,,101.21465301513672,,96.7334213256836,,109.93061065673828,,97.85005187988281,,89.46049499511719,,26.35598373413086,,221.7398681640625,,193.5079345703125,,187.65028381347656,,224.71694946289062,,194.31478881835938,,173.90516662597656,,214.4967041015625,,135.77503967285156,,99.15731048583984,,111.66730499267578,,136.98886108398438,,88.63387298583984,,126.9841079711914,,162.51206970214844,,125.29212951660156,,117.52294158935547,,117.5217514038086,,152.95675659179688,,135.7477264404297,,99.88817596435547,,123.87310791015625,211.75535583496094,,0.0,,0.0,,0.0,,0.0,,0.0,,0.0,,0.0,,0.0,,0.0,,0.0,,0.0,,0.0,,0.0,,0.0,,0.0,,0.0,,0.0,,0.0,,0.0,,0.0,,0.0,,0.0,,0.0,,0.0,,0.0,,0.0,,0.0,,0.0,,0.0,,0.0,,0.0,,0.0,,0.0,,0.0,,0.0,,0.0,,0.0,,0.0,,0.0,,0.0,,0.0,,0.0,,0.0,,0.0,,0.0,,0.0,,0.0,,0.0,,0.0,,0.0,,0.0,,0.0,,0.0,,0.0,,0.0,,0.0,,0.0,,0.0,,0.0,,0.0,,0.0,,0.0,,0.0,,0.0,,0.0,,0.0,,0.0,,0.0,,0.0,,0.0,,0.0,,0.0,,0.0,,0.0,,0.0,,0.0,,0.0,,0.0,,0.0,,0.0
,19,,2.0,,2.0,,2.0,,2.0,,2.0,,2.0,,2.0,,0.0,,0.011768480762839317,,0.47313565015792847,,1.0,,0.5410590171813965,,0.5034102201461792,,1.5658777952194214,,1.7432992458343506,,2.5675337314605713,,2.970782518386841,,2.5412304401397705,,1.6680998802185059,,,0.19378119707107544,,103.20295715332031,,102.27815246582031,,106.48289489746094,,109.44837951660156,,112.07859802246094,,115.47966003417969,,118.091552734375,,200.86843872070312,,210.320556640625,,211.63125610351562,,221.715576171875,,216.32476806640625,,214.50730895996094,,216.39218139648438,,113.2806396484375,,111.99169921875,,123.85237884521484,,105.8756332397461,,108.50819396972656,,113.65081787109375,,117.05474853515625,,170.50027465820312,,192.67295837402344,,182.6421356201172,,191.96151733398438,,226.64321899414062,,222.13555908203125,,168.9171905517578,97.26148986816406,,0.0,,0.0,,0.0,,0.0,,0.0,,0.0,,0.0,,0.0,,0.0,,0.0,,0.0,,0.0,,0.0,,0.0,,0.0,,0.0,,0.0,,0.0,,0.0,,0.0,,0.0,,0.0,,0.0,,0.0,,0.0,,0.0,,0.0,,0.0,,0.0,,0.0,,0.0,,0.0,,0.0,,0.0,,0.0,,0.0,,0.0,,0.0,,0.0,,0.0,,0.0,,0.0,,0.0,,0.0,,0.0,,0.0,,0.0,,0.0,,0.0,,0.0,,0.0,,0.0,,0.0,,0.0,,0.0,,0.0,,0.0,,0.0,,0.0,,0.0,,0.0,,0.0,,0.0,,0.0,,0.0,,0.0,,0.0,,0.0,,0.0,,0.0,,0.0,,0.0,,0.0,,0.0,,0.0,,0.0,,0.0,,0.0,,0.0,,0.0
,20,,2.0,,2.0,,2.0,,2.0,,2.0,,2.0,,1.0,,0.0,,0.012459217570722103,,0.4794802963733673,,0.9997169971466064,,0.5184160470962524,,1.7150787115097046,,1.8254992961883545,,1.460857629776001,,1.5996243953704834,,1.821088433265686,,1.4659008979797363,,1.77290678024292,,,0.20585760474205017,,110.75194549560547,,115.19732666015625,,116.69934844970703,,115.6476058959961,,117.94427490234375,,119.8338394165039,,119.64216613769531,,224.78187561035156,,229.80642700195312,,231.80389404296875,,227.86996459960938,,237.43374633789062,,234.05755615234375,,233.53079223632812,,208.69622802734375,,207.34271240234375,,190.91061401367188,,167.77249145507812,,163.18661499023438,,173.89080810546875,,148.766357421875,,356.2342529296875,,378.3209228515625,,363.84747314453125,,314.01446533203125,,321.65692138671875,,324.091064453125,,298.84912109375,99.53419494628906,,0.0,,0.0,,0.0,,0.0,,0.0,,0.0,,0.0,,0.0,,0.0,,0.0,,0.0,,0.0,,0.0,,0.0,,0.0,,0.0,,0.0,,0.0,,0.0,,0.0,,0.0,,0.0,,0.0,,0.0,,0.0,,0.0,,0.0,,0.0,,0.0,,0.0,,0.0,,0.0,,0.0,,0.0,,0.0,,0.0,,0.0,,0.0,,0.0,,0.0,,0.0,,0.0,,0.0,,0.0,,0.0,,0.0,,0.0,,0.0,,0.0,,0.0,,0.0,,0.0,,0.0,,0.0,,0.0,,0.0,,0.0,,0.0,,0.0,,0.0,,0.0,,0.0,,0.0,,0.0,,0.0,,0.0,,0.0,,0.0,,0.0,,0.0,,0.0,,0.0,,0.0,,0.0,,0.0,,0.0,,0.0,,0.0,,0.0,,0.0
,21,,2.0,,2.0,,2.0,,2.0,,2.0,,2.0,,1.0,,0.0,,0.007446293719112873,,0.499222993850708,,0.9991569519042969,,0.5100725889205933,,1.0421041250228882,,1.123587965965271,,0.7847044467926025,,1.0309813022613525,,1.3772019147872925,,1.1852059364318848,,0.5563027262687683,,,0.2061285525560379,,113.61209106445312,,123.85079956054688,,122.9573974609375,,120.37812042236328,,120.14756774902344,,120.94770812988281,,123.23616027832031,,251.92453002929688,,260.22802734375,,256.5843505859375,,248.7365264892578,,258.6857604980469,,256.697509765625,,256.34857177734375,,190.57266235351562,,224.07693481445312,,217.78639221191406,,234.123046875,,233.3739776611328,,226.31427001953125,,257.00592041015625,,267.46502685546875,,384.61956787109375,,367.6588134765625,,390.16485595703125,,399.0584716796875,,377.5884094238281,,397.36688232421875,81.0210952758789,,0.0,,0.0,,0.0,,0.0,,0.0,,0.0,,0.0,,0.0,,0.0,,0.0,,0.0,,0.0,,0.0,,0.0,,0.0,,0.0,,0.0,,0.0,,0.0,,0.0,,0.0,,0.0,,0.0,,0.0,,0.0,,0.0,,0.0,,0.0,,0.0,,0.0,,0.0,,0.0,,0.0,,0.0,,0.0,,0.0,,0.0,,0.0,,0.0,,0.0,,0.0,,0.0,,0.0,,0.0,,0.0,,0.0,,0.0,,0.0,,0.0,,0.0,,0.0,,0.0,,0.0,,0.0,,0.0,,0.0,,0.0,,0.0,,0.0,,0.0,,0.0,,0.0,,0.0,,0.0,,0.0,,0.0,,0.0,,0.0,,0.0,,0.0,,0.0,,0.0,,0.0,,0.0,,0.0,,0.0,,0.0,,0.0,,0.0,,0.0
,22,,2.0,,2.0,,2.0,,2.0,,2.0,,2.0,,1.0,,0.0,,0.004259936511516571,,0.48502734303474426,,0.999896228313446,,0.507415771484375,,1.1363807916641235,,1.1828322410583496,,1.2033262252807617,,1.0040055513381958,,1.232499361038208,,1.1189916133880615,,1.7672944068908691,,,0.22825291752815247,,122.38069915771484,,121.16706848144531,,120.9144287109375,,119.9888916015625,,121.34557342529297,,120.89703369140625,,119.73664855957031,,247.29074096679688,,253.3029327392578,,252.76304626464844,,248.29129028320312,,252.91400146484375,,262.51263427734375,,253.46456909179688,,217.2232666015625,,221.2685089111328,,218.19046020507812,,193.28244018554688,,192.10665893554688,,178.18624877929688,,182.61917114257812,,286.18438720703125,,336.76641845703125,,337.3844909667969,,315.7664794921875,,333.3854675292969,,302.7603759765625,,281.62445068359375,84.50188446044922,,0.0,,0.0,,0.0,,0.0,,0.0,,0.0,,0.0,,0.0,,0.0,,0.0,,0.0,,0.0,,0.0,,0.0,,0.0,,0.0,,0.0,,0.0,,0.0,,0.0,,0.0,,0.0,,0.0,,0.0,,0.0,,0.0,,0.0,,0.0,,0.0,,0.0,,0.0,,0.0,,0.0,,0.0,,0.0,,0.0,,0.0,,0.0,,0.0,,0.0,,0.0,,0.0,,0.0,,0.0,,0.0,,0.0,,0.0,,0.0,,0.0,,0.0,,0.0,,0.0,,0.0,,0.0,,0.0,,0.0,,0.0,,0.0,,0.0,,0.0,,0.0,,0.0,,0.0,,0.0,,0.0,,0.0,,0.0,,0.0,,0.0,,0.0,,0.0,,0.0,,0.0,,0.0,,0.0,,0.0,,0.0,,0.0,,0.0,,0.0
,23,,2.0,,1.0,,1.0,,1.0,,1.0,,1.0,,1.0,,0.0,,0.0052426946349442005,,0.5211853384971619,,0.9996502995491028,,0.4939679205417633,,1.0762580633163452,,1.055511236190796,,0.8437682390213013,,0.9722049832344055,,1.0121595859527588,,1.1428399085998535,,1.613502860069275,,,0.2019229233264923,,126.43673706054688,,126.20586395263672,,127.447509765625,,50.84236145019531,,51.93852996826172,,50.78807067871094,,128.1200408935547,,378.641845703125,,383.64959716796875,,382.23236083984375,,139.32420349121094,,140.6292724609375,,133.020751953125,,258.3672790527344,,139.68994140625,,144.92098999023438,,156.15982055664062,,235.91831970214844,,236.88604736328125,,234.78759765625,,283.4688720703125,,199.25283813476562,,205.91900634765625,,193.33709716796875,,414.2841491699219,,419.9258117675781,,413.5138854980469,,389.49737548828125,80.7309341430664,,0.0,,0.0,,0.0,,0.0,,0.0,,0.0,,0.0,,0.0,,0.0,,0.0,,0.0,,0.0,,0.0,,0.0,,0.0,,0.0,,0.0,,0.0,,0.0,,0.0,,0.0,,0.0,,0.0,,0.0,,0.0,,0.0,,0.0,,0.0,,0.0,,0.0,,0.0,,0.0,,0.0,,0.0,,0.0,,0.0,,0.0,,0.0,,0.0,,0.0,,0.0,,0.0,,0.0,,0.0,,0.0,,0.0,,0.0,,0.0,,0.0,,0.0,,0.0,,0.0,,0.0,,0.0,,0.0,,0.0,,0.0,,0.0,,0.0,,0.0,,0.0,,0.0,,0.0,,0.0,,0.0,,0.0,,0.0,,0.0,,0.0,,0.0,,0.0,,0.0,,0.0,,0.0,,0.0,,0.0,,0.0,,0.0,,0.0,,0.0
,24,,2.0,,2.0,,2.0,,2.0,,2.0,,2.0,,1.0,,0.0,,0.016604788601398468,,0.5534197092056274,,0.9995812177658081,,0.5044940114021301,,0.5758159756660461,,0.7688629031181335,,0.6327117085456848,,0.6308169960975647,,0.670587420463562,,0.6281591653823853,,1.4763445854187012,,,0.18765105307102203,,118.453857421875,,118.58425903320312,,121.30718994140625,,124.17060089111328,,123.01361083984375,,120.51173400878906,,121.03875732421875,,276.4992980957031,,268.1540222167969,,265.04962158203125,,268.01824951171875,,258.4603271484375,,263.85455322265625,,264.80535888671875,,192.450927734375,,209.69683837890625,,212.840087890625,,210.2133331298828,,208.1881866455078,,210.67086791992188,,220.2914276123047,,315.58917236328125,,348.32330322265625,,335.5505676269531,,298.7744140625,,307.0122375488281,,280.5990295410156,,248.88389587402344,68.56423950195312,,0.0,,0.0,,0.0,,0.0,,0.0,,0.0,,0.0,,0.0,,0.0,,0.0,,0.0,,0.0,,0.0,,0.0,,0.0,,0.0,,0.0,,0.0,,0.0,,0.0,,0.0,,0.0,,0.0,,0.0,,0.0,,0.0,,0.0,,0.0,,0.0,,0.0,,0.0,,0.0,,0.0,,0.0,,0.0,,0.0,,0.0,,0.0,,0.0,,0.0,,0.0,,0.0,,0.0,,0.0,,0.0,,0.0,,0.0,,0.0,,0.0,,0.0,,0.0,,0.0,,0.0,,0.0,,0.0,,0.0,,0.0,,0.0,,0.0,,0.0,,0.0,,0.0,,0.0,,0.0,,0.0,,0.0,,0.0,,0.0,,0.0,,0.0,,0.0,,0.0,,0.0,,0.0,,0.0,,0.0,,0.0,,0.0,,0.0,,0.0
,25,,2.0,,2.0,,1.0,,1.0,,1.0,,1.0,,1.0,,0.0,,0.012177928350865841,,0.5492551326751709,,0.9975343346595764,,0.5037069320678711,,1.0457816123962402,,1.3382961750030518,,0.8397167921066284,,0.6445007920265198,,0.620073139667511,,0.552534818649292,,1.7657430171966553,,,0.21588484942913055,,108.5521240234375,,169.06301879882812,,120.96446228027344,,122.27407836914062,,122.31968688964844,,122.69844055175781,,166.39990234375,,452.8613586425781,,449.44012451171875,,430.7962646484375,,437.9219970703125,,437.0829772949219,,432.8957824707031,,467.6250915527344,,339.66717529296875,,361.752685546875,,355.1842041015625,,366.9601745605469,,369.9563903808594,,377.16583251953125,,383.91650390625,,245.77862548828125,,274.0653076171875,,394.61602783203125,,393.83013916015625,,401.4093322753906,,414.2545471191406,,300.2078857421875,92.13156127929688,,0.0,,0.0,,0.0,,0.0,,0.0,,0.0,,0.0,,0.0,,0.0,,0.0,,0.0,,0.0,,0.0,,0.0,,0.0,,0.0,,0.0,,0.0,,0.0,,0.0,,0.0,,0.0,,0.0,,0.0,,0.0,,0.0,,0.0,,0.0,,0.0,,0.0,,0.0,,0.0,,0.0,,0.0,,0.0,,0.0,,0.0,,0.0,,0.0,,0.0,,0.0,,0.0,,0.0,,0.0,,0.0,,0.0,,0.0,,0.0,,0.0,,0.0,,0.0,,0.0,,0.0,,0.0,,0.0,,0.0,,0.0,,0.0,,0.0,,0.0,,0.0,,0.0,,0.0,,0.0,,0.0,,0.0,,0.0,,0.0,,0.0,,0.0,,0.0,,0.0,,0.0,,0.0,,0.0,,0.0,,0.0,,0.0,,0.0,,0.0
,26,,2.0,,2.0,,2.0,,2.0,,2.0,,2.0,,0.0,,0.0,,0.03390108048915863,,0.5513320565223694,,0.9999306797981262,,0.5252649784088135,,1.0314834117889404,,1.3936443328857422,,0.9075165390968323,,1.0317792892456055,,1.4647859334945679,,0.999832272529602,,0.018977519124746323,,,0.21203750371932983,,132.09930419921875,,130.18563842773438,,126.50926208496094,,129.22486877441406,,129.00108337402344,,125.883056640625,,129.34573364257812,,376.0142822265625,,380.556396484375,,298.40655517578125,,302.2751770019531,,268.351806640625,,271.9349365234375,,315.1793212890625,,336.4759521484375,,306.5298156738281,,268.41265869140625,,262.3642578125,,219.32626342773438,,223.70822143554688,,273.66107177734375,,391.55499267578125,,328.6756896972656,,348.9852600097656,,358.33233642578125,,246.67205810546875,,245.0177764892578,,368.7340087890625,81.34952545166016,,0.0,,0.0,,0.0,,0.0,,0.0,,0.0,,0.0,,0.0,,0.0,,0.0,,0.0,,0.0,,0.0,,0.0,,0.0,,0.0,,0.0,,0.0,,0.0,,0.0,,0.0,,0.0,,0.0,,0.0,,0.0,,0.0,,0.0,,0.0,,0.0,,0.0,,0.0,,0.0,,0.0,,0.0,,0.0,,0.0,,0.0,,0.0,,0.0,,0.0,,0.0,,0.0,,0.0,,0.0,,0.0,,0.0,,0.0,,0.0,,0.0,,0.0,,0.0,,0.0,,0.0,,0.0,,0.0,,0.0,,0.0,,0.0,,0.0,,0.0,,0.0,,0.0,,0.0,,0.0,,0.0,,0.0,,0.0,,0.0,,0.0,,0.0,,0.0,,0.0,,0.0,,0.0,,0.0,,0.0,,0.0,,0.0,,0.0,,0.0
,27,,2.0,,2.0,,1.0,,1.0,,1.0,,2.0,,1.0,,0.0,,0.04721788316965103,,0.554994523525238,,1.0,,0.5110406279563904,,0.8064280152320862,,0.7390238642692566,,0.2684501111507416,,0.2854214012622833,,0.3076823949813843,,0.5559654235839844,,0.16360574960708618,,,0.22683840990066528,,103.63641357421875,,106.099365234375,,110.31929016113281,,113.31076049804688,,115.76101684570312,,115.33177185058594,,126.24478149414062,,310.0892333984375,,322.30255126953125,,322.569091796875,,322.2978210449219,,324.6833190917969,,264.7091979980469,,328.4853515625,,301.40380859375,,281.77069091796875,,282.2259521484375,,269.90716552734375,,267.29058837890625,,244.86041259765625,,282.71087646484375,,396.2084655761719,,362.14288330078125,,360.03240966796875,,340.1439208984375,,333.13482666015625,,275.2647399902344,,367.577392578125,64.08631134033203,,0.0,,0.0,,0.0,,0.0,,0.0,,0.0,,0.0,,0.0,,0.0,,0.0,,0.0,,0.0,,0.0,,0.0,,0.0,,0.0,,0.0,,0.0,,0.0,,0.0,,0.0,,0.0,,0.0,,0.0,,0.0,,0.0,,0.0,,0.0,,0.0,,0.0,,0.0,,0.0,,0.0,,0.0,,0.0,,0.0,,0.0,,0.0,,0.0,,0.0,,0.0,,0.0,,0.0,,0.0,,0.0,,0.0,,0.0,,0.0,,0.0,,0.0,,0.0,,0.0,,0.0,,0.0,,0.0,,0.0,,0.0,,0.0,,0.0,,0.0,,0.0,,0.0,,0.0,,0.0,,0.0,,0.0,,0.0,,0.0,,0.0,,0.0,,0.0,,0.0,,0.0,,0.0,,0.0,,0.0,,0.0,,0.0,,0.0,,0.0
,28,,2.0,,2.0,,2.0,,2.0,,2.0,,1.0,,0.0,,0.0,,0.03541354835033417,,0.5138370394706726,,0.9943244457244873,,0.496690034866333,,0.35695213079452515,,0.34432920813560486,,0.3660236597061157,,0.45764046907424927,,0.29957151412963867,,0.24421733617782593,,0.09580869227647781,,,0.22394439578056335,,130.15367126464844,,123.30654907226562,,124.13175201416016,,128.33628845214844,,124.46656036376953,,130.3858642578125,,130.0700225830078,,401.6405334472656,,406.7989196777344,,411.2191162109375,,416.97222900390625,,414.3844299316406,,412.03143310546875,,440.39404296875,,213.68951416015625,,207.45645141601562,,219.1329345703125,,226.0391845703125,,254.1851806640625,,231.51422119140625,,327.07733154296875,,256.0861511230469,,240.02650451660156,,239.0645751953125,,280.75311279296875,,287.3121643066406,,297.52435302734375,,397.1363830566406,61.739192962646484,,0.0,,0.0,,0.0,,0.0,,0.0,,0.0,,0.0,,0.0,,0.0,,0.0,,0.0,,0.0,,0.0,,0.0,,0.0,,0.0,,0.0,,0.0,,0.0,,0.0,,0.0,,0.0,,0.0,,0.0,,0.0,,0.0,,0.0,,0.0,,0.0,,0.0,,0.0,,0.0,,0.0,,0.0,,0.0,,0.0,,0.0,,0.0,,0.0,,0.0,,0.0,,0.0,,0.0,,0.0,,0.0,,0.0,,0.0,,0.0,,0.0,,0.0,,0.0,,0.0,,0.0,,0.0,,0.0,,0.0,,0.0,,0.0,,0.0,,0.0,,0.0,,0.0,,0.0,,0.0,,0.0,,0.0,,0.0,,0.0,,0.0,,0.0,,0.0,,0.0,,0.0,,0.0,,0.0,,0.0,,0.0,,0.0,,0.0,,0.0
,29,,1.0,,0.0,,0.0,,0.0,,0.0,,0.0,,0.0,,0.0,,0.08788605779409409,,0.6068527102470398,,0.9988294243812561,,0.5194562077522278,,0.32824450731277466,,0.11768955737352371,,0.43476614356040955,,0.5271609425544739,,0.5440699458122253,,0.5426440238952637,,0.08285483717918396,,,0.23767158389091492,,123.23149871826172,,103.61006164550781,,109.88883972167969,,119.34785461425781,,123.58804321289062,,118.80220031738281,,133.30142211914062,,400.0673522949219,,402.51678466796875,,304.32196044921875,,309.1463623046875,,305.5283508300781,,307.5748291015625,,293.4190673828125,,216.80242919921875,,280.1866760253906,,178.0042724609375,,168.94004821777344,,175.47299194335938,,177.48056030273438,,333.0621032714844,,216.42079162597656,,348.3738098144531,,251.55050659179688,,259.76287841796875,,276.7398681640625,,277.55780029296875,,397.63079833984375,58.160884857177734,,0.0,,0.0,,0.0,,0.0,,0.0,,0.0,,0.0,,0.0,,0.0,,0.0,,0.0,,0.0,,0.0,,0.0,,0.0,,0.0,,0.0,,0.0,,0.0,,0.0,,0.0,,0.0,,0.0,,0.0,,0.0,,0.0,,0.0,,0.0,,0.0,,0.0,,0.0,,0.0,,0.0,,0.0,,0.0,,0.0,,0.0,,0.0,,0.0,,0.0,,0.0,,0.0,,0.0,,0.0,,0.0,,0.0,,0.0,,0.0,,0.0,,0.0,,0.0,,0.0,,0.0,,0.0,,0.0,,0.0,,0.0,,0.0,,0.0,,0.0,,0.0,,0.0,,0.0,,0.0,,0.0,,0.0,,0.0,,0.0,,0.0,,0.0,,0.0,,0.0,,0.0,,0.0,,0.0,,0.0,,0.0,,0.0,,0.0,,0.0
,30,,0.0,,0.0,,1.0,,0.0,,0.0,,0.0,,0.0,,0.0,,0.057539861649274826,,0.6355962157249451,,0.9995133876800537,,0.5182406902313232,,0.09380550682544708,,0.14793820679187775,,0.24658465385437012,,0.10723776370286942,,0.07092005759477615,,0.10519629716873169,,0.05812494829297066,,,0.21840518712997437,,129.57354736328125,,128.54978942871094,,95.03629302978516,,121.99867248535156,,124.73422241210938,,125.6659927368164,,123.0406265258789,,481.4693298339844,,486.55828857421875,,403.2147521972656,,412.9107666015625,,411.1519775390625,,407.62750244140625,,408.0101013183594,,391.9356994628906,,383.6567687988281,,300.2618408203125,,273.61944580078125,,265.99591064453125,,265.11553955078125,,277.7026062011719,,374.4822998046875,,345.62054443359375,,413.517578125,,350.5401916503906,,343.6829833984375,,341.49542236328125,,368.055908203125,62.00910568237305,,0.0,,0.0,,0.0,,0.0,,0.0,,0.0,,0.0,,0.0,,0.0,,0.0,,0.0,,0.0,,0.0,,0.0,,0.0,,0.0,,0.0,,0.0,,0.0,,0.0,,0.0,,0.0,,0.0,,0.0,,0.0,,0.0,,0.0,,0.0,,0.0,,0.0,,0.0,,0.0,,0.0,,0.0,,0.0,,0.0,,0.0,,0.0,,0.0,,0.0,,0.0,,0.0,,0.0,,0.0,,0.0,,0.0,,0.0,,0.0,,0.0,,0.0,,0.0,,0.0,,0.0,,0.0,,0.0,,0.0,,0.0,,0.0,,0.0,,0.0,,0.0,,0.0,,0.0,,0.0,,0.0,,0.0,,0.0,,0.0,,0.0,,0.0,,0.0,,0.0,,0.0,,0.0,,0.0,,0.0,,0.0,,0.0,,0.0,,0.0
,31,,2.0,,1.0,,1.0,,1.0,,1.0,,0.0,,0.0,,0.0,,0.024895746260881424,,0.5937207937240601,,1.0,,0.5123425722122192,,0.4880242645740509,,0.2711150348186493,,0.17195847630500793,,0.19354699552059174,,0.17470616102218628,,0.14974255859851837,,0.07705707103013992,,,0.22482343018054962,,126.8144760131836,,118.56271362304688,,114.4114990234375,,119.28789520263672,,121.62003326416016,,122.21261596679688,,116.060302734375,,420.13330078125,,399.44708251953125,,395.8567199707031,,421.7104797363281,,423.31292724609375,,418.92791748046875,,399.77447509765625,,239.8155517578125,,273.9280090332031,,266.6434326171875,,250.8393096923828,,246.18084716796875,,246.52810668945312,,273.5390319824219,,256.04730224609375,,291.99114990234375,,300.13177490234375,,249.08734130859375,,258.214111328125,,264.331787109375,,369.5522155761719,58.338233947753906,,0.0,,0.0,,0.0,,0.0,,0.0,,0.0,,0.0,,0.0,,0.0,,0.0,,0.0,,0.0,,0.0,,0.0,,0.0,,0.0,,0.0,,0.0,,0.0,,0.0,,0.0,,0.0,,0.0,,0.0,,0.0,,0.0,,0.0,,0.0,,0.0,,0.0,,0.0,,0.0,,0.0,,0.0,,0.0,,0.0,,0.0,,0.0,,0.0,,0.0,,0.0,,0.0,,0.0,,0.0,,0.0,,0.0,,0.0,,0.0,,0.0,,0.0,,0.0,,0.0,,0.0,,0.0,,0.0,,0.0,,0.0,,0.0,,0.0,,0.0,,0.0,,0.0,,0.0,,0.0,,0.0,,0.0,,0.0,,0.0,,0.0,,0.0,,0.0,,0.0,,0.0,,0.0,,0.0,,0.0,,0.0,,0.0,,0.0,,0.0
,32,,1.0,,1.0,,0.0,,0.0,,0.0,,1.0,,0.0,,0.0,,0.011951098218560219,,0.5967578887939453,,1.0,,0.5063468813896179,,0.3509334623813629,,0.1537443995475769,,0.08475753664970398,,0.09379564225673676,,0.09801756590604782,,0.14489178359508514,,0.0711142048239708,,,0.21673083305358887,,129.81024169921875,,126.15385437011719,,125.92266845703125,,125.81908416748047,,125.78021240234375,,125.96747589111328,,118.94589233398438,,438.0954284667969,,438.2369384765625,,436.4734802246094,,436.8880920410156,,434.615966796875,,432.77886962890625,,403.0312805175781,,263.3011474609375,,255.90707397460938,,267.94500732421875,,261.50396728515625,,259.80096435546875,,258.1685485839844,,272.20025634765625,,273.6177978515625,,260.73443603515625,,264.5633850097656,,272.5052185058594,,285.2767333984375,,292.889892578125,,373.17742919921875,57.47068405151367,,0.0,,0.0,,0.0,,0.0,,0.0,,0.0,,0.0,,0.0,,0.0,,0.0,,0.0,,0.0,,0.0,,0.0,,0.0,,0.0,,0.0,,0.0,,0.0,,0.0,,0.0,,0.0,,0.0,,0.0,,0.0,,0.0,,0.0,,0.0,,0.0,,0.0,,0.0,,0.0,,0.0,,0.0,,0.0,,0.0,,0.0,,0.0,,0.0,,0.0,,0.0,,0.0,,0.0,,0.0,,0.0,,0.0,,0.0,,0.0,,0.0,,0.0,,0.0,,0.0,,0.0,,0.0,,0.0,,0.0,,0.0,,0.0,,0.0,,0.0,,0.0,,0.0,,0.0,,0.0,,0.0,,0.0,,0.0,,0.0,,0.0,,0.0,,0.0,,0.0,,0.0,,0.0,,0.0,,0.0,,0.0,,0.0,,0.0,,0.0
,33,,1.0,,0.0,,1.0,,1.0,,1.0,,1.0,,0.0,,0.0,,0.006908085197210312,,0.6274817585945129,,0.9999541640281677,,0.5012733936309814,,0.3352355659008026,,0.18161630630493164,,0.1989705115556717,,0.3210107088088989,,0.24836032092571259,,0.24355457723140717,,0.018478065729141235,,,0.2109433114528656,,138.748291015625,,134.6545867919922,,133.73419189453125,,133.69696044921875,,133.0734100341797,,134.76638793945312,,124.82484436035156,,488.4171447753906,,488.5771484375,,484.7059326171875,,484.5198974609375,,487.3725891113281,,486.3330078125,,486.7897033691406,,391.158447265625,,390.41094970703125,,394.31451416015625,,394.9377136230469,,388.2391357421875,,391.2095031738281,,385.8013916015625,,407.35894775390625,,392.0196533203125,,397.9631652832031,,401.615478515625,,404.0441589355469,,407.9184265136719,,383.20941162109375,72.69160461425781,,0.0,,0.0,,0.0,,0.0,,0.0,,0.0,,0.0,,0.0,,0.0,,0.0,,0.0,,0.0,,0.0,,0.0,,0.0,,0.0,,0.0,,0.0,,0.0,,0.0,,0.0,,0.0,,0.0,,0.0,,0.0,,0.0,,0.0,,0.0,,0.0,,0.0,,0.0,,0.0,,0.0,,0.0,,0.0,,0.0,,0.0,,0.0,,0.0,,0.0,,0.0,,0.0,,0.0,,0.0,,0.0,,0.0,,0.0,,0.0,,0.0,,0.0,,0.0,,0.0,,0.0,,0.0,,0.0,,0.0,,0.0,,0.0,,0.0,,0.0,,0.0,,0.0,,0.0,,0.0,,0.0,,0.0,,0.0,,0.0,,0.0,,0.0,,0.0,,0.0,,0.0,,0.0,,0.0,,0.0,,0.0,,0.0,,0.0,,0.0
,34,,1.0,,0.0,,1.0,,1.0,,1.0,,1.0,,1.0,,0.0,,0.011799853295087814,,0.5815265774726868,,0.9998071193695068,,0.5063413381576538,,0.2137283831834793,,0.1356336921453476,,0.524074375629425,,0.6595360636711121,,0.6103559732437134,,0.3852143883705139,,0.22859492897987366,,,0.21274526417255402,,88.13444519042969,,79.8392333984375,,55.54670715332031,,59.275360107421875,,57.83305740356445,,56.75562286376953,,72.14036560058594,,316.33099365234375,,319.10894775390625,,281.68572998046875,,286.29339599609375,,283.1282653808594,,273.57470703125,,326.80462646484375,,330.24920654296875,,340.7423095703125,,219.5406036376953,,217.0905303955078,,210.76348876953125,,202.04751586914062,,308.9176025390625,,407.01165771484375,,376.4490966796875,,317.3558044433594,,294.9156494140625,,304.3008117675781,,328.39935302734375,,357.90338134765625,60.56040954589844,,0.0,,0.0,,0.0,,0.0,,0.0,,0.0,,0.0,,0.0,,0.0,,0.0,,0.0,,0.0,,0.0,,0.0,,0.0,,0.0,,0.0,,0.0,,0.0,,0.0,,0.0,,0.0,,0.0,,0.0,,0.0,,0.0,,0.0,,0.0,,0.0,,0.0,,0.0,,0.0,,0.0,,0.0,,0.0,,0.0,,0.0,,0.0,,0.0,,0.0,,0.0,,0.0,,0.0,,0.0,,0.0,,0.0,,0.0,,0.0,,0.0,,0.0,,0.0,,0.0,,0.0,,0.0,,0.0,,0.0,,0.0,,0.0,,0.0,,0.0,,0.0,,0.0,,0.0,,0.0,,0.0,,0.0,,0.0,,0.0,,0.0,,0.0,,0.0,,0.0,,0.0,,0.0,,0.0,,0.0,,0.0,,0.0,,0.0,,0.0
,35,,0.0,,0.0,,1.0,,1.0,,1.0,,1.0,,0.0,,0.0,,0.01663687638938427,,0.5754773020744324,,0.9987095594406128,,0.509637176990509,,0.02508164942264557,,0.12795542180538177,,0.19783708453178406,,0.2929327189922333,,0.16643895208835602,,0.17363375425338745,,0.0629337951540947,,,0.2038429230451584,,84.93822479248047,,78.92914581298828,,75.78801727294922,,58.22134780883789,,57.447669982910156,,57.9466667175293,,65.92838287353516,,317.2926025390625,,314.3345031738281,,317.6326599121094,,285.0290222167969,,278.13006591796875,,279.1283874511719,,279.4606018066406,,338.5041198730469,,338.2861022949219,,333.4495544433594,,219.05239868164062,,216.86558532714844,,215.50254821777344,,215.063720703125,,359.7156982421875,,362.23773193359375,,349.26641845703125,,281.9611511230469,,282.5874938964844,,289.96881103515625,,284.982421875,50.131900787353516,,0.0,,0.0,,0.0,,0.0,,0.0,,0.0,,0.0,,0.0,,0.0,,0.0,,0.0,,0.0,,0.0,,0.0,,0.0,,0.0,,0.0,,0.0,,0.0,,0.0,,0.0,,0.0,,0.0,,0.0,,0.0,,0.0,,0.0,,0.0,,0.0,,0.0,,0.0,,0.0,,0.0,,0.0,,0.0,,0.0,,0.0,,0.0,,0.0,,0.0,,0.0,,0.0,,0.0,,0.0,,0.0,,0.0,,0.0,,0.0,,0.0,,0.0,,0.0,,0.0,,0.0,,0.0,,0.0,,0.0,,0.0,,0.0,,0.0,,0.0,,0.0,,0.0,,0.0,,0.0,,0.0,,0.0,,0.0,,0.0,,0.0,,0.0,,0.0,,0.0,,0.0,,0.0,,0.0,,0.0,,0.0,,0.0,,0.0,,0.0
,36,,1.0,,0.0,,0.0,,0.0,,0.0,,0.0,,0.0,,0.0,,0.027404895052313805,,0.585345447063446,,0.9992023706436157,,0.5119785666465759,,0.21280379593372345,,0.06561747938394547,,0.07558220624923706,,0.030463701114058495,,0.022120101377367973,,0.03649725764989853,,0.0007336956914514303,,,0.19706231355667114,,59.08799743652344,,55.39765167236328,,55.61476516723633,,49.15771484375,,51.15474319458008,,52.5729866027832,,60.02297592163086,,276.4259033203125,,278.13037109375,,275.8875732421875,,274.2711181640625,,274.0880126953125,,275.2469177246094,,276.2489013671875,,223.80596923828125,,235.588134765625,,227.14781188964844,,217.3155059814453,,215.45591735839844,,215.59902954101562,,225.45498657226562,,259.77850341796875,,235.65232849121094,,245.1482696533203,,239.5877227783203,,243.56077575683594,,253.9447479248047,,267.8590087890625,40.73481750488281,,0.5,,0.0,,0.5,,0.5,,0.5,,0.5,,0.5,,0.5,,0.5,,0.5,,0.0,,0.0,,0.0,,0.0,,0.0,,0.0,,0.0,,0.0,,0.0,,0.0,,0.0,,0.0,,0.0,,0.0,,0.0,,0.0,,0.0,,0.0,,0.0,,0.0,,0.0,,0.0,,0.0,,0.0,,0.0,,0.0,,0.0,,0.0,,0.0,,0.0,,0.5,,0.0,,0.5,,0.5,,0.5,,0.5,,0.5,,0.5,,0.5,,0.5,,0.0,,0.0,,0.0,,0.0,,0.0,,0.0,,0.0,,0.0,,0.0,,0.0,,0.0,,0.0,,0.0,,0.0,,0.0,,0.0,,0.0,,0.0,,0.0,,0.0,,0.0,,0.0,,0.0,,0.0,,0.0,,0.0,,0.0,,0.0,,0.0,,0.0
,37,,0.0,,0.0,,1.0,,0.0,,0.0,,0.0,,0.0,,0.0,,0.03994467109441757,,0.59331214427948,,0.9990381598472595,,0.5218316316604614,,0.07906389981508255,,0.45585307478904724,,0.1694895476102829,,0.056990765035152435,,0.026981046423316002,,0.03786822780966759,,0.018866054713726044,,,0.1763465702533722,,106.26029205322266,,43.7929573059082,,52.548828125,,59.991233825683594,,68.33416748046875,,89.21585845947266,,94.52476501464844,,455.2205810546875,,370.00323486328125,,370.1043701171875,,368.16241455078125,,367.84503173828125,,369.2041015625,,370.13983154296875,,434.42694091796875,,324.3899230957031,,320.97723388671875,,316.78033447265625,,317.95135498046875,,321.47076416015625,,337.4931640625,,456.5982971191406,,319.107177734375,,328.09466552734375,,335.20135498046875,,343.02593994140625,,357.18682861328125,,363.908935546875,58.513423919677734,,0.0,,0.0,,0.0,,0.0,,0.0,,0.0,,0.0,,0.0,,0.0,,0.0,,0.0,,0.0,,0.0,,0.0,,0.0,,0.0,,0.0,,0.0,,0.0,,0.0,,0.0,,0.0,,0.0,,0.0,,0.0,,0.0,,0.0,,0.0,,0.0,,0.0,,0.0,,0.0,,0.0,,0.0,,0.0,,0.0,,0.0,,0.0,,0.0,,0.0,,0.0,,0.0,,0.0,,0.0,,0.0,,0.0,,0.0,,0.0,,0.0,,0.0,,0.0,,0.0,,0.0,,0.0,,0.0,,0.0,,0.0,,0.0,,0.0,,0.0,,0.0,,0.0,,0.0,,0.0,,0.0,,0.0,,0.0,,0.0,,0.0,,0.0,,0.0,,0.0,,0.0,,0.0,,0.0,,0.0,,0.0,,0.0,,0.0,,0.0
,38,,1.0,,0.0,,1.0,,0.0,,0.0,,0.0,,0.0,,0.0,,0.09179762750864029,,0.5948593616485596,,0.9876847267150879,,0.5228382349014282,,0.3076925277709961,,0.16482847929000854,,0.2141290158033371,,0.13602469861507416,,0.07020613551139832,,0.090220607817173,,0.0755966380238533,,,0.17800220847129822,,101.93653869628906,,89.82020568847656,,96.01898193359375,,46.52968978881836,,129.48678588867188,,123.22954559326172,,109.4189453125,,207.59486389160156,,205.55531311035156,,207.28289794921875,,316.84686279296875,,212.56768798828125,,210.0408172607422,,211.5669403076172,,235.17724609375,,241.90756225585938,,239.7389678955078,,319.4022216796875,,338.7931823730469,,331.60650634765625,,326.27728271484375,,351.76885986328125,,342.7917175292969,,357.99285888671875,,381.896240234375,,489.2927551269531,,476.8432922363281,,465.73974609375,51.8822021484375,,0.0,,0.0,,0.0,,0.0,,0.0,,0.0,,0.0,,0.0,,0.0,,0.0,,0.0,,0.0,,0.0,,0.0,,0.0,,0.0,,0.0,,0.0,,0.0,,0.0,,0.0,,0.0,,0.0,,0.0,,0.0,,0.0,,0.0,,0.0,,0.0,,0.0,,0.0,,0.0,,0.0,,0.0,,0.0,,0.0,,0.0,,0.0,,0.0,,0.0,,0.0,,0.0,,0.0,,0.0,,0.0,,0.0,,0.0,,0.0,,0.0,,0.0,,0.0,,0.0,,0.0,,0.0,,0.0,,0.0,,0.0,,0.0,,0.0,,0.0,,0.0,,0.0,,0.0,,0.0,,0.0,,0.0,,0.0,,0.0,,0.0,,0.0,,0.0,,0.0,,0.0,,0.0,,0.0,,0.0,,0.0,,0.0,,0.0,,0.0
,39,,1.0,,2.0,,2.0,,2.0,,2.0,,2.0,,0.0,,0.0,,0.06907783448696136,,0.5473812222480774,,0.988918125629425,,0.5026965737342834,,0.18005548417568207,,0.24857190251350403,,0.2910783290863037,,0.32620131969451904,,0.33827871084213257,,0.40698954463005066,,0.0023181030992418528,,,0.1929703652858734,,62.704429626464844,,79.13449096679688,,75.92958068847656,,62.66092300415039,,67.47176361083984,,66.76210021972656,,40.379981994628906,,268.965576171875,,269.0477294921875,,269.84503173828125,,269.72308349609375,,271.0155944824219,,270.6719055175781,,368.19775390625,,337.0801086425781,,341.1288757324219,,334.5851745605469,,331.19647216796875,,329.8978576660156,,330.91668701171875,,405.93145751953125,,405.194580078125,,413.21002197265625,,408.50390625,,392.81170654296875,,405.6842346191406,,409.980712890625,,443.6650695800781,60.23634719848633,,0.5,,0.0,,0.0,,0.5,,0.5,,0.5,,0.5,,0.5,,0.5,,0.5,,0.0,,0.0,,0.0,,0.0,,0.0,,0.0,,0.0,,0.0,,0.0,,0.0,,0.0,,0.0,,0.0,,0.0,,0.0,,0.0,,0.0,,0.0,,0.0,,0.0,,0.0,,0.0,,0.0,,0.0,,0.0,,0.0,,0.0,,0.0,,0.0,,0.0,,0.5,,0.0,,0.0,,0.5,,0.5,,0.5,,0.5,,0.5,,0.5,,0.5,,0.0,,0.0,,0.0,,0.0,,0.0,,0.0,,0.0,,0.0,,0.0,,0.0,,0.0,,0.0,,0.0,,0.0,,0.0,,0.0,,0.0,,0.0,,0.0,,0.0,,0.0,,0.0,,0.0,,0.0,,0.0,,0.0,,0.0,,0.0,,0.0,,0.0
48,201600,1.625,,1.4249999523162842,,1.4500000476837158,,1.274999976158142,,1.25,,1.149999976158142,,0.75,,0.0,,0.027208715677261353,,0.5628904104232788,,0.9976665377616882,,0.5169470310211182,,1.0333397388458252,,1.216107726097107,,1.1295583248138428,,1.143543004989624,,1.1579605340957642,,1.1678985357284546,,0.9200708270072937,,83.41468811035156,0.2046780288219452,,99.77806854248047,,98.46403503417969,,95.60610961914062,,97.5969467163086,,93.83296966552734,,98.01252746582031,,108.39945983886719,,283.2408142089844,,265.2645263671875,,258.70697021484375,,268.06268310546875,,265.4532470703125,,257.87615966796875,,275.60394287109375,,247.20523071289062,,249.0366973876953,,240.83181762695312,,247.92776489257812,,251.4775390625,,244.5791778564453,,263.84344482421875,,326.49298095703125,,340.5413818359375,,336.9295959472656,,341.96209716796875,,343.3878479003906,,341.4350891113281,,357.3136901855469,,,0.02500000037252903,,0.0,,0.012500000186264515,,0.02500000037252903,,0.02500000037252903,,0.02500000037252903,,0.02500000037252903,,0.02500000037252903,,0.02500000037252903,,0.02500000037252903,,0.012500000186264515,,0.0,,0.0,,0.0,,0.0,,0.0,,0.0,,0.012500000186264515,,0.012500000186264515,,0.012500000186264515,,0.0,,0.0,,0.0,,0.0,,0.0,,0.0,,0.0,,0.0,,0.0,,0.0,,0.0,,0.0,,0.0,,0.0,,0.0,,0.0,,0.0,,0.0,,0.0,,0.0,,0.02500000037252903,,0.0,,0.012500000186264515,,0.02500000037252903,,0.02500000037252903,,0.02500000037252903,,0.02500000037252903,,0.02500000037252903,,0.02500000037252903,,0.02500000037252903,,0.02500000037252903,,0.0,,0.0,,0.0,,0.0,,0.0,,0.0,,0.02500000037252903,,0.02500000037252903,,0.02500000037252903,,0.0,,0.0,,0.0,,0.0,,0.0,,0.0,,0.0,,0.0,,0.0,,0.0,,0.0,,0.0,,0.0,,0.0,,0.0,,0.0,,0.0,,0.0,,0.0,,0.0,
